Title,Year,IMDb_Rating,Content,Genre,Director,Main_Cast,Platform,No_of_Seasons,No_of_Episodes,Avg_Episode_Duration_Min,Production_Company
1000 Babies,2024,7.1,Enter a cradle of mysteries where a man with a dark past manipulates multiple lives through a series of cryptic letters and deadly games.,"Thriller, Crime, Psychological, Investigate",Najeem Koya,"Sirajudheen Nazar, Rahman, Sanju Sivram, Adil Ibrahim, Neena Gupta",Disney+Hotstar,1,7,50,August Cinema
Soul Stories,2024,7.6,"The series explores the intertwined lives of women from diverse backgrounds, each facing unique challenges in their pursuit of freedom, self-respect, and self-esteem. Set against a backdrop of societal expectations, family dynamics, and personal battles, the narrative delves into their struggles and triumphs as they navigate careers, relationships, and self-discovery.","Drama, Family",Sanil Kalathi,"Anarkali Marikar, Suhasini, Gopika Manjusha, Renji Panicker, Dayyana Hameed",ManoramaMax,1,5,32,Soul Story Media
Nagendran's Honeymoons,2024,5.8,Story revolves around Nagendran and his wives who he marries due to different circumstances.,"Comedy, Dark Humour, Family, Drama",Nithin Renji Panicker,"Suraj Venjaramoodu, Kani Kusruti, Shweta Menon, Grace Antony, Alexander Prasanth",Disney+Hotstar,1,6,35,Renji Panicker Entertainment
Poacher,2024,7.7,"A group of Indian Forest Service officers, NGO workers, police constables and Good Samaritans risk their lives trying to track down the biggest elephant ivory poachers in the history of India and bring them to justice.","Crime, Drama, Suspense",Richie Mehta,"Nimisha Sajayan, Roshan Mathew, Dibyendu Bhattacharya, Ankith Madhav, Kani Kusruti",Amazon Prime Video,1,8,60,QC Entertainment
Manorathangal,2024,6.2,"An anthology of nine featurettes based on a curated selection of short stories by the celebrated writer M. T. Vasudevan Nair. Based in Kerala, these stories explore the nuances of human nature.","Comedy, Drama, Romance",Manorathangal,"Kamal Haasan, Surabhi Lakshmi, Mohanlal, Fahadh Faasil, Mammootty", ZEE5 ,1,9,55,Yoodlee Films
Kerala Crime Files,2023,7.2,"A team of six policemen is on a chase to solve a murder in a suburban lodge room, with just one clue - a fake address, from the park register.","Crime, Thriller, Mystery, Investigate",Ahammed Khabeer,"Rooth P John, Devaki Rajendran, Aswathy Manoharan, Harishankar, Sreejith Mahadevan",Disney+Hotstar,1,6,30,First Print Studios
Love Under Construction,2025,6.6,Vinod is ready to build his dream house. But is he ready to face the hurdles in his path?,"Romance, Comedy",Vishnu G Raghav,"Gouri G. Kishan, Aju Varghese, Anand Manmadhan, Neeraj Madhav, Ann Jameela Saleem",Disney+Hotstar,1,6,35,Rejaputhra Visual Media
Uppum Mulakum,2015,8.8,"This amusing slice-of-life story follows Balachandran Thampi, his wife Neelima, and their five children through the everyday drama that unfolds in their lives.","Comedy, Family, Sitcom", R. Unnikrishnan,"Nisha Sarangh, Juhi Rustagi, Biju Sopanam, Rishi Kumar, Al Sabith","Flowers TV, Sun NXT",3,1200,22,Flowers TV Production
Perilloor Premier League,2024,7.4,"Malavika, who comes to the village of Perilloor to find love with her boyfriend Sreekuttan, unexpectedly ends up becoming the village Panchayat President against her will.","Comedy, Satire, Political",Praveen Chandran,"Nikhila Vimal, Sunny Wayne, Vijayaraghavan, Ashokan, Arun Pradeep",Disney+Hotstar,1,7,45,E4 Entertainment
Master Peace,2023,6.2,"When marital discord becomes everyone's business and parents get way too involved in the ""peace talks,"" family drama can become family trauma.","Comedy, Drama",Sreejith N,"Roshan Mathew, Nithya Menen, Divya Pillai, Jude Anthany Joseph, Maala Parvathi",Disney+Hotstar,1,5,40,Central Advertising
Chandanamazha,2014,4.5,"Amrita, a naive but kind-hearted girl, navigates the complex dynamics between her mother-in-law and herself while staying loyal to her family and supporting her husband's dreams.","Drama, Family",Sujith Sundar,"Shalu Kurian, Murali Mohan, Dinesh Panicker, Roopashree, Meghna Vincent","Disney+Hotstar, Asianet",1,1170,25,Urmila's U Productions
Marimayam,2012,8.9,A host of interesting characters encounter several frustrating and comical situations while visiting government institutions.,"Comedy, Sitcom, Drama",Gopalan Manoj,"Manikandan, Riyas Narmakala, Niyas Backer, Sneha Sreekumar, Vinod Kovoor", Mazhavil Manorama,1,500,22,Mazhavil Manorama
Patharamattu,2023,5.1,A mother seeks ideal matches for her three daughters. Two families: wealthy jeweler Ananthamoorthy's clan and modest Udayabhanu and Kanakadurga with their daughters.,"Drama, Family, Couples, Dysfunctional Relationships ",S.S.K. Shankar,"Akash Murali, Neena Kurup, Lakshmi Keerthana, Anusha Aravindakshan, Bindu Ramakrishnan","Asianet, Disney+Hotstar",1,624,20,Risun Pictures
Kaliveedu,2021,4.6,"Unavoidable circumstances force Nandhagopan's long-lost daughter Pooja into a contract marriage with lawyer Arjun. Though they're like chalk and cheese, fate has other plans for them.","Drama, Family",Dileep Kumar,"Rebecca Santhosh, Nithin Jake Joseph, Krishna Prabha, Uma Nair, Jeevan Gopal","Surya TV, Sun NXT",1,989,20,Cyabio fims
Thatteem Mutteem,2012,8.5,"Arjunan's mother and wife have a love-hate relationship with each other, which often leads to humorous situations. However, Arjunan tries his best to bring about a truce between them.","Comedy, Drama, Family",R. Unnikrishnan Gopalan,"Jayakumar Parameshwaran Pillai, K.P.A.C. Lalitha, Prabhu Sidharth, Manju Pillai, Sagar Surya","Mazhavil Manorama, ManoramaMAX",3,912,23,Magic Moments Motion Pictures
Jai Mahendran,2024,6.7,A cunning deputy tehsildar becomes a victim of a power play whose benefits he once enjoyed. To save his job and reclaim his reputation he must now manipulate an entire political and bureaucratic system to his advantage. ',"Comedy, Drama",Srikanth Mohan,"Saiju Kurup, Suhasini, Miya George, Vinita Venugopal, Abraham Joseph",Sony LIV ,1,6,30,First Print Studios
Chempaneer Poovu,2024,7.7,"Revathy does odd jobs and works hard for the well-being of her family; her life changes when she crosses paths with Sachi, an erratic young man.","Romance, Drama, Couples",Manju Dharman ,"Anjali Hari, Gomathi Priya, Maya Rajan, Rebecca Santhosh, Arun Nair","Asianet, Disney+Hotstar",1,384,20,Evans Digi Media
Teacheramma,2025,8.6,"Saraswathi teacher, everyone's favourite at school, but just a maid at home for her own kids. Between teaching and tending to her family, a devoted mother and teacher gives her all, while quietly yearning for the love she so richly deserves.","Drama, Family, Parenthood",Nisanth,"Poornima Anand, Sreelakshmi, Aleena Sajan, Sayana Krishnan, Jayakumar Payyans","Asianet, Disney+Hotstar",1,72,22,Subhalakshmi Pictures
Kudumbavilakku,2020,1.3,"A woman does not get a moment of rest while doing all the household chores on top of being a dutiful wife, daughter-in-law and mother. Yet, she is never acknowledged or appreciated for her work.","Drama, Family, Conspiracy, Couples",Sunil Karayattukara,"Meera Vasudevan, Krishnakumar Menon, Saranya Anand, Shaju Sham, Vaishnavi Sai Kumar","Asianet, Disney+Hotstar",1,1200,22,Good Company Productions
Just Married Things,2021,9.2,The series revolves around a newlywed couple Adithyan who is a Radio Jockey at RadioExclusive 99.5 from Kochi and Balamani who is an unemployed graduate and a pakka village girl and their funny struggles to lead a wonderful married life.,"Romance, Comedy, Drama",Amar Jyoth,"Keerthana Sreekumar, Sudhin Sasikumar, Jeeva Joseph, Sreevidya Mullachery",YouTube,2,6,20,Behindwoods
Aliyans,2020,7.9,"""Aliyan"" is a Malayalam serial that tells a story with a single, continuous thread running through every episode. It focuses on the life of a character named Kanakan and explores various aspects of life, including happiness, struggles, issues, laughter, and tears","Comedy, Drama, Sitcom",Rajesh Thalachira,"Manju Pathrose, Sethu Lakshmi, Riyas Narmakala, Aneesh Ravi, Soumya Bhagyananthan","Kaumudy TV, YouTube",1,1100,24,Ankush Hazra Motion Pictures
Parasparam,2013,3.8,"Deepthi strikes the perfect balance between her roles as a family woman and as the city police commissioner. Her relationships, both professional and personal, coupled with the consistent theme of familial bonds form the crux of the plot.","Drama, Family",Purushothaman,"Gayathri Arun, Vivek Gopan, Niranj Menon","Asianet, Disney+Hotstar",1,1523,20,Ross Petals Entertainment
Kumkumapoovu,2011,7.2,"Jayanthi and her illegitimate daughter Shalini were separated at Shalini's birth, with Jayanthi misled into believing her daughter had died while in fact the girl was raised for a time by a butcher, Markose, who treated her unkindly.","Drama, Family",Dileep Kumar S,"Shelly Kishore, Asha Sharath, Sajan Surya, G.K. Pillai, Lishoy","Asianet, Disney+Hotstar",1,786,20,Bhavachithra
Kadamattathu Kathanar,2004,7.2,"A family in Kerala is haunted by Yakshi, a demon. They seek the help of Kadamattathu, a priest who possesses supernatural powers, to bail them out of their problems.",Horror,T. S. Saji,"Sukanya, Prakash Paul, Sukumari, Prathapachandran, Reena","Asianet, Disney+Hotstar",1,255,22,Sree Gokulam Movies
Mounaragam,2019,4.5,"Kalyani, who is speech impaired, is disliked by everyone in her family, except her mother. As she longs for her father's affection, Kiran enters her life.","Drama, Family, Conspiracy, Couples",Pradeep Panicker,"Naleef Gea, Aishwarya Ramsai, Sankar Lal, Balaji Sarma, Firosh",Asianet,1,1400,22,Sujatha Films
Chakkappazham,2020,7.3,Follows the life of Uthaman and his family.,"Comedy, Sitcom, Drama",Vinod A. S,"Haritha Haridas, Asha Aravind, Muhammad Rafi, Praveen Menon, S.P. Sreekumar","Flowers TV, YouTube",2,884,22,Flowers TV Production
M80 Moosa,2014,8.9,"Set in Calicut, M80 Moosa, a fisherman deals and faces several social and dramatic scenarios within him and his family.","Comedy, Drama, Family",Shaji Azeez,"Surabhi Lakshmi, Vinod Kovoor, Anju Sasi, Athul Sreeva","Media One, YouTube",1,360,20,Media One channe
Koodathayi,2022,6.7,"In a village called Koodathai, members of a family seem to die under mysterious circumstances. The police investigation leads to an astounding revelation.",Crime,Christo Tomy,Muktha George,Flowers TV,1,10,25,AK Media Company Pvt. Ltd
Padatha Painkili,2020,2.8,Kanmani is a simple and generous girl from a middle-class family who falls in love with a rich boy and struggles to adjust to the new lifestyle.,"Drama, Romance, Family, Conspiracy",Sudheesh Sankar,"Monisha Magesh, Manu Martin Pallippadan, Sooraj Sun, Ambika Mohan, Maneesha Mahesh","Asianet, Disney+Hotstar",1,677,20,Merryland Studio
Cinemala,1993,7.2,"Actors shed light on all the top stories, recent happenings and latest updates taking place all over the world in a humorous manner.","Comedy, Parody",Diana Silvester,"Ramesh Pisharody, Manoj Guinness, Thezni Khan, Saju Kodiyan",Asianet,1,999,30,Asianet
Vanambadi,2017,3.1,"Anumol's passion for music knows no bounds and she finally meets her estranged father, the renowned singer Mohan Kumar. ",Drama,Adithyan,"Chippy Renjith, Sai Kiran Ram, Gouri Krishna, Pria Menon, Jelina P","Asianet, Disney+Hotstar",1,1018,25,Avanthika Creations
Kasthooriman,2017,5.8,"Sethulakshmi, a self-made artist, strives to raise her three daughters, Kavya, Keerthy and Kalyani.","Drama, Family, Romance, Conspiracy",Sunil Kariattukara,"Sreeram Ramachandran, Rebecca Santhosh, Haritha G. Nair, Beena Antony, Anju Aravind","Asianet, Disney+Hotstar",1,905,25,Airmen Creations
Bhramanam,2018,3.6,"Harilal, a divorced man who works as a branch manager of a renowned bank, comes across his children and ex-wife, who is a home nurse. The family drama depicts the series of devastating events experienced by Anitha and her relentless efforts at protecting her family.","Drama, Family",Binu Vellathooval,"Mukundan, Lavanya Nair, Uma Nair, Ajoobsha, Sabu Varghese"," Mazhavil Manorama, ManoramaMAX",1,450,23,Sree Movies
Ammayariyathe,2020,4.1,"The story revolves around a woman,often called as teacher who intentionally commits crime and hide it by false accusations.The teacher is moving into a new plan of killing three people!Will she succeed??","Drama, Family, Tragedy, Conspiracy",Praveen Kadakkavoor,"Keerthi Gopinath, Sreethu Krishnan, Neethu Krishna, Nikhil Nair, Boban Alumoodan, Parvati Nair","Asianet, Disney+Hotstar",1,825,25,"Salt Media LLP,"
Etho Janma Kalpanayil,2024,7.6," Sruthi, a middle-class, optimistic girl, and Ashwin, an arrogant and wealthy businessman. Their paths intertwine when Sruthi inadvertently interferes with one of Ashwin's business ventures, leading to a series of misunderstandings and confrontations. Despite their contrasting personalities and backgrounds, they develop a complex relationship, eventually falling in love.","Drama, Couples, Romance",Sachin K. Ibaque,"Manju Pathrose, Sindhu Varma, Dileep Shankar, Aiswarya Suresh, Sreelatha Namboothiri","Asianet, Disney+Hotstar",1,300,25,Merryland Studio
Chembarathi,2018,5.8,"Due to unfortunate circumstances, Kalyani a village girl is forced to marry Anand, the eldest boy of a rich and strong-willed woman, Thrichambarath Akhilandeswari for whom Kalyani's father serves as a driver. She does not tell anyone about her marriage and works as a servant at the royal house.","Drama, Family, Romance",Dr. S. Janardhanan.,"Aishwariyaa Bhaskaran, Amala Gireesh, Sebastian Jacob, Yavanika Gopalakrishnan, Jacob Stein","Zee Keralam, ZEE5",1,996,23,Bhoomichithra Productions
Manjil Virinja Poovu,2019,5.8,"A young girl, Anjana works in a tea plantation and ends up getting married to her employer's son. Due to her low stature, her mother-in-law makes life difficult for her, but she is determined to overcome it.","Drama, Family",Arif Nedumkandom,"Malavika Wales, Rekha Ratheesh, Yuva Krishna, Shalu Menon, Akhilesh","Mazhavil Manorama, ManoramaMAX",1,1521,25,Sree Movies
Karyam Nissaram,2012,8.1,"Karyam Nissaram"" is a Malayalam comedy TV serial that tells the story of a village officer, Mohanakrishnan, and his lawyer wife, Sathyabhama. Each episode features a different social or familial issue, explored through their differing perspectives and opinions, with a strong emphasis on humor. The show highlights how differing viewpoints can be a source of humor rather than negativity in a marriage.","Comedy, Sitcom, Drama",Unni Cherian,"Anu Joseph, Aneesh Ravi",Kairali TV,1,1104,30,PMI Entertainment India Pvt Ltd
Ottachilambu,2016,5,"A 6-year child is born ""Devooty"" who is born in same star sign and date of the mesmerising beauty called ""Syamandakam""; who incubates into the body of the child. Syamandakam was burnt alive in the historically old 'Eloor' palace. Syamandakam takes a revenge note through Devooty to those who killed her and her family. In the process she falls in love with a young guy Adikeshavan; who helps her to take the revenge. The story puts light at the core to the aspirations and ambitions of those who die before fulfilling their lives.","Horror, Drama",Binu Vellathooval,"Nithya Das, Urmila Unni, Sharan Puthumana, Angel Mariya Joseph, Baby Manjadi Joby","Malayala Manorama, YouTube",1,159,30,Line of Colors
Thera Para,2018,8.9,"Four jobless friends living in the suburbs or more correctly town struggling to cope up with daily problems. Added by their weird idiosyncrasies, can they find a way to manage themselves; before things get scary as like in the title.","Comedy, Short",Nikhil Prasad," Anu K. Aniyan, Sabareesh Sajjin, Binoy John, Anand Mathews, Jeevan Mammen Stephen",Youtube,1,20,10,Karikku Media
Samarthya Shastram,2022,8,"The series is about five strangers — Joe, Jude, Venu, Arun and Daisy — from different walks of life, who lose their money after they are all duped by a person.","Comedy, Suspense, Thriller ",Shyamin Gireesh,"Sabareesh Sajjin, Krishna Chandran, Nileen Sandra, Unni Mathews. ",Youtube,1,6,45,Karikku Media
Average Ambili,2021,6.2,"""Average Ambili"" is a web series that centers around a young woman named Ambili, who is perceived as average by her school and community. The series explores the challenges Ambili faces due to this perception, including bullying, being passed over for opportunities, and societal pressures to conform to traditional roles. Despite these challenges, Ambili strives to find her own path and express herself, challenging the notion of ""average"" and the unfair judgments associated with it. ","Drama, Short",Adithyan Chandrashekar,"Aarsha Chandini Baiju, Zhinz Shan,Nandini Gopalakrishnan, Vishnu Agasthya, Adithyan Chandrashekar, Keerthana Sreekumar, and Manjula Mohandas. ",Youtube,1,6,15,Karikku Media
Scoot,2020,8.1,"The Malayalam web series ""Scoot"" follows two young men, Sanju and Antony, and their friend Shyam, as they attempt to build a turf and face unexpected challenges, including financial difficulties and a potential love interest, Indu. The series features a cast including Arjun Ratan, Jeevan Mammen Stephen, Kiran Viyyath, and Divya M. Nair, among others. The show explores themes of friendship, ambition, and the struggles of starting a business.","Comedy, Short",Arjun Ratan,"Arjun Ratan, Jeevan Mammen Stephen, Kiran Viyyath, Divya M. Nair",Youtube,1,8,25,Karikku fliq
Doosra,2020,7.8,It is a comedy series exploring the concept of arranged marriage through a lens that's both humorous and insightful. ,"Comedy, Drama, Thriller",Nikhil Prasad,"Jeevan Mammen Stephen , Arjun Ratan, Unni Mathews, Sabareesh Sajjin, Anu K. Aniyan, Kiran Viyyath ",Youtube,1,3,25,Karikku
Menaka,2019,7.9,"A failed writer announces on TV his plan to commit 7 perfect murders in 7 days. After killing his first victim, a police team races to stop his meticulously planned crime spree.","Crime, Mystery, Suspense, Thriller",Praveen K,"Ashwin kumar, Megha Thomas, Parvathi Satheesan, Samragni, Deepu G Panicker",ManoramaMAX,2,17,35,ManoramaMAX
Thooval Sparsham,2023,7.7,"A murder in the family forces two sisters to separate. Years later, one becomes a cop, the other an 'honourable thief'. What's in store for these opposites? ","Drama, Conspiracy, Family, Girl Power",Sreejith Palery,"Avantika Malik Khan, Sandra Babu, Mohan Avanthika, Ajoobsha","Asianet, Disney+Hotstar",1,429,20,Lens and Shot Motion Pictures Pvt Ltd
Geethagovindham,2023,2.6,"A middle-aged businessman Govind, falls in love with Geethanjali, a young girl. Their unusual love story takes a hit when his past overshadows his present.","Drama, Betrayal, Romance, Couples", Rajesh Kumar,"Uma Nair, Sajan Surya, Jojo George, Binny","Asianet, Disney+Hotstar",1,640,20,Bhadra Boby
Seetha Kalyanam,2018,1.8,"Seetha is a maternal figure to her younger sister, Swathy, and endures all difficulties laid down by Rajeshwari to protect her sister from sorrow. Seetha and Rajeswary who is a millionaire became enemies at their first meeting itself and that day onward Rajeswary's aims to defeat and destroy Seetha.","Drama, Family,  Romance, Conspiracy",T.K. Rajeev Kumar,"Dhanya Mary Varghese, Archana Suseelan, Sona Nair","Asianet, Disney+Hotstar",1,772,20,Ross Petals Entertainment
Erivum Puliyum,2022,5,"When a family faces several ups and downs in their day-to-day lives, they make comical attempts to overcome their problems.","Comedy, Sitcom, Drama",Rajesh Thalachira,"Rishi Kumar, Shivani Menon, Nisha Sarangh, Biju Sopanam, Juhi Rustagi","Zee Keralam, ZEE5",1,82,20,Zee Keralam Production
Seetha,2016,5.8,"Seetha, a poor village girl, struggles to run her family with her earnings. However, problems start brewing in her life as her family members try to plot against her.","Action, Romance, Drama, Family",Girish Konni," Swasika Vijay, Shanavas Shanu and Bipin Jose","Asianet, Disney+Hotstar",1,903,20,BEE GEE Communications
Surabhiyum Suhasiniyum,2022,7,A daughter-in-law and her mother-in-law engage in constant fights with each other due to their differences which leads to various complications for the family.,"Drama, Comedy, Sitcom",Rajesh Thalachira,"
Mallika Sukumaran, Manju Pathrose, Krishnendhu Unnikrishnan, Aswathy Nair
","Flowers TV, Sun NXT",1,593,20,Adam's World of Entertainment
Akashadoothu,2011,8.2,"Four siblings, who lost their parents at a young age, grow and take different paths. However, things take an unexpected turn when they reunite.","Drama, Romance, Family, Emotional",Sibi Malayil ,"Seema G.Nair, Shiju, Prem Prakash, Chippy Renjith",Surya TV,1,501,25,Rajaputra Visual Media.
Manjurukum Kaalam,2015,3.5,"Unable to pay off his mounting debts, widower Govindhankutty is forced to give away his only daughter Janikutty. Childless couple, Vijayaraghavan and Rathnamma, adopt Janaki. Under their care and love, Janaki flourishes. However, Janaki’s life takes a turn for the worst when her adoptive parents eventually have a child of their own.","Drama, Family, Emotional",Binu Vellathooval,"Monisha Arshak, Alice Christy Gomez, Arathy Sojan, Ardra Das","Mazhavil Manorama, ManoramaMAX",1,500,35,MM TV Ltd
Ente Manasaputhri,2007,8.2,Sofia and Gloria are two orphans with different personalities who go through various difficulties as they try to have relationships and overcome obstacles.,"Romance, Family, Drama",Sudheesh Sankar,"Sona Nair, Beena Antony, Archana Suseelan, Sreekala Sasidharan",Asianet,1,733,25,Sandra Communications
Sree Guruvayoorappan,2007,8.2,"Sree Guruvayoorappan portrays the life and stories of Lord Krishna, specifically focusing on his manifestation as Guruvayoorappan, the presiding deity of the Guruvayur Temple in Kerala. The show likely explores themes of devotion, miracles, and the divine play of Krishna, drawing from Hindu mythology and folklore related to the Guruvayurappan deity","Mythology, Drama",P. Subramaniam,ChippyRavi VallatholNedumudi Venu,Surya TV,1,520,25,Aadhunik
Karuthamuthu,2014,2.3,"Despite having a heart of gold, Karthika continues to suffer a lot after getting married to Balu, as his mother, Jagatha, hates Karthika and tortures her ruthlessly.","Drama, Family",Praveen Kadakkavoor,"Rini Raj, Kiran Iyer, Darshana Das, Archana Suseelan, Kishore Satya",Asianet,4,1450,22,Asianet
Akkarakazhchakal,2008,8.2,Follows the life of few American Malayalis.,"Drama, Comedy, Sitcom",Abi Varghese,"Josekutty ValiyakallumkalSajini, SacharaiahJacob Gregory, Sajini Sacharaiah","YouTube, Kairali TV",1,50,20, Infamous Coconuts & BOM TV
Santhwanam,2020,4.4,"Sridevi and Balakrishnan sacrifice a lot to raise his brothers Hari,Shiva and Kannan.However, the family is soon forced to deal with various conflicts in life after the marriage of brothers.","Family, Drama, Romance, Couples",Adhithyan,"Rajeev Parameshwar, Chippy, Girish Nambiyar, Raksha Raj, Girija Preman",Asianet,1,1301,20,Rejaputhra Visual Media
Pandaraparambil House @801,2021,7.4,"Pandaraparambil House at 801 is a series about a Malayalee family settled in Delhi. the father, P P Joseph, a bank manager in South Indian bank, is married to Mariamma Joseph, who is working as a nurse. They are blessed with two kids Justin, 14, and Sini, 12. This series depicts the life of a Malayalee family that holds on to their Malayalee roots while adapting to the Delhi environment.","Family, Comedy",Archana Kavi,"Thomas G. Kannampuzham, Shweta Kurian, Thomson George, Kevin Antony, Alina Jacob",ManoramaMAX,1,8,35,MM TV Ltd
Kabani,2019,8.5,"Kabani from an underprivileged background, faces barriers due to her family's past. She secures a scholarship through Kabaddi, moves to the city where she meets Rambha, her half-sister.","Drama, Family, Romance",Sudheesh Sankar,"Prem Jacob, Keerthana Anil, Gopika Anil",Zee Keralam,1,303,25,Spinwheel Productions
Alliyambal,2018,8.5,"Alli and Devan, whose views and aspects on life is completely poles apart each other, meets and falls in a tight bond of relationship.","Drama, Romance",Shiju Aroor ,"Jai Dhanush, Pallavi Gowda, Benny John",Zee Keralam,1,291,25, V Crown Productions
Plus Two Class,2019,8,"Depicts the experiences of students in their Plus Two (12th grade) class, particularly focusing on the character Ajmal Bismi. The series explores various aspects of school life, including class tests, study trips, and the overall dynamics within the classroom. ","Comedy, Short",Nikhil Prasad,"Anand Mathews, Anu K. Aniyan, Binoy John, Jeevan Mammen Stephen, Sabareesh Sajjin, and Kiran Viyyath",YouTube,1,6,20,Karikku
Insomnia Nights,2021,7.4,"It centered around a group of friends navigating a night of unexpected events and reflections. The series explores themes of friendship, youth, and the relatable experiences of young adults","Comedy, Short",Thamby,"Vishnu Agasthya, Austin Abraham, Mike RJ",YouTube,1,5,25,Karikku Fliq
Better Half,2021,7.2,"It focuses on the relationship between Anirudh and Pallavi, a married couple. The series explores their journey together, highlighting their initial astrological connection and their evolving understanding of each other's compatibility. Pallavi works, while Anirudh is a musician facing the challenges of his profession. ","Comedy, Short ",Krishna Das Murali,"Shyam Mohan, Nilja K. Baby, Nileen Sandra",YouTube,1,6,20,Karikku Fliq
Kalakkachi,2021,8.2,A fish curry called Kalakkachi sparks rivalry when one hotel tries to ruin another's signature dish. The sabotaged curry creates chaos in four men's lives.,"Drama, Thriller, Short",Arjun Ratan,"Vincy Aloshious, Anu K., AniyanKrishna Chandran",YouTube,1,2,45,Karikku
Sebastiante Velliyazhcha,2022,6.9,A young filmmaker has to source his own funds for his first feature film after his producer backs out at the last moment. He faces the risk of losing everything if his film fails to impress the audience and the critics.,"Comedy, Drama, Short",Sidharth K T,"Anu K. Aniyan, Shinu Chacko, Adithyan Chandrashekar",Youtube,1,5,20,Karikku Fliq
Circus,2022,6.5,"It centers around the struggles and dynamics within a traditional circus troupe, highlighting themes of financial hardship, personal conflicts, and the clash between old and new ways of life. The series explores the lives of the circus performers, including a former star trapeze artist who had an accident, and the owner's son returning from abroad. It also touches on the owner's reluctance to sell the circus despite financial difficulties and the arrival of a new circus owner who wants to buy it. ","Comedy, Drama, Short",Binoy John,"Anu K. Aniyan, Krishna Chandran, Sabareesh Sajjin",Youtube,1,2,20,Karikku 
Bharati Apartments,2022,6.2,Three film aspirants live in an apartment with hostile neighbors. They face comedy and drama while chasing their dreams.,"Comedy, Drama, Short",KC,"Krishna Chandra, Anu K. Aniyan, Sabareesh Sajjin",YouTube,1,3,20,Kariku
Jabla,2022,6.9,This Series follows a young filmmaker named Jaren who is struggling to fund his first feature film after his producer backs out at the last moment. The series explores the challenges he faces in sourcing funds and the risk of failure if his film doesn't impress.,"Comedy, Drama",Basil Gershome,"Kiran Viyyath, Amrutha Krishnakumar, Vijaya MV, and Vaisakh Vijayan",YouTube,1,5,25, Karikku Fliq
Thenks,2023,7.2,"It follows the story of Lax and Shyam as they investigate a series of crimes, clues, and kidnappings","Comedy, Drama, Short",Binoy John,"Sruthy Suresh, Krishna Chandran, Sabareesh Sajjin",YouTube,1,2,30,Kariku
Priyapettavan Piyush,2023,7,"The protagonist, Piyush, is told by an astrologer that he must marry within five days to save his cancer-stricken mother. Piyush, who initially wants a love marriage, tries to convince his ex-girlfriends to marry him, leading to a series of comedic and awkward situations. The series explores themes of superstition, self-respect, and the pressure to marry, ultimately showing Piyush's journey to understanding what truly matters. ","Comedy, Drama, Thriller",Goutham Soorya,"Jeevan Mammen Stephen, Kiran Viyyath, Annu Antony",YouTube,1,6,25,Kariku
Mokka,2024,6.8,"It follows a group of friends and their everyday struggles and humorous situations. The series is known for its relatable and comedic take on the lives of young adults, often featuring everyday scenarios and interactions with a humorous twist","Comdey, Drama, Short",Nikhil Prasad,"Binoy John, Unni Mathews, Jeevan Mammen Stephen",YouTube,1,2,35,Kariku
Porul,2024,6.7,"Ravi arrives in the village of Kavassery and gets entangled in a decades-old child disappearance case his father once pursued. His quest for truth transforms into a journey of self-discovery, challenging his beliefs and identity.","Mystery, Drama, Thriller",Goutham Soorya,"Maala ParvathiAnu, K. AniyanAnn, Jameela Saleem",YouTube,1,5,20,Kariku
Something Fishy,2025,6.6,"It blends comedy and suspense around a kidnapping mystery. The series is known for its quirky characters and engaging storyline, prompting viewers to form their own theories about the events.","Comedy, Suspense, Thriller, Short",Abijith Krishnan,"Krishna Chandran, Kiran Viyyath, Sabareesh Sajjin",YouTube,1,2,50,Kariku
Rock Paper Scissors,2019,7.2,Story of three girls who stay together in an apartment. The story revolves around the little and witty moments in their life.,"Comedy, Short",Adithyan Chandrashekar,"Vidhya Vijaykumar, Deepa Thomas, Sruthy Suresh",YouTube,1,14,20,Kariku Fliq
Utsaha Ithihasam - The Saga of the Spirited,2018,8.2,When Nitin Rajendran calls out to Kristo for help he turns up at his door. The help involves destroying someones property. When Kristo calls out for Nitin helps Nitin leaves everything and shows up. The help involves solving a girls problem.,"Comedy, Romance, Drama",Krishand,"Zahoor Ahmed, Sarun Surendran, Venu Sasidharan Lekha",ZEE5,1,8,15,Studio Mojo
Aadyam Jolie Pinne Kalyanam,2022,8.2,"Satheeshan, a jobless youth falls in love with Revathy, a government employee. His attempts to gain a government job forms the rest of the story.","Comedy, Romance, Drama, Short",Vimal Kumar,"
Vimal Kumar, Jisma Jiji, Sharan S",YouTube,1,3,30,J&V Pictures
Singappooram,2015,8.9,"This series is about an NRI (Non-Resident Indian) Malayali couple living in Singapore. The series follows the couple's relationship, which is portrayed as somewhat dull at times, but with moments of maturity. The series also explores the cultural differences and challenges faced by Malayalis living abroad. ",Comedy,Sooraj,"
Ann Sooraj,Sooraj,Don",YouTube,1,6,15,Saina Productions
Krishna Thulasi,2016,7.2,"The story is all about two sisters, Krishna and Tulasi who are bonded with lovely sisterhood. Tulasi, a blind teenage girl who loves her sister and claims that her sister is her eye, meanwhile Krishna, the elder, cares about her 2 members family since the death of their parents and support her younger sister in all the social and psychological issues she faces as only because she is blind.These two sisters lives in the seashore and creates a lovely siblings-triangle drama.","Drama, Family",Shiju Aroor,"Anila Sreekumar, Mridula Vijay, Subhash Menon, Muhammed Rafi, Dini Daniel",Mazhavil Manorama,1,295,22,Rohini Visions
Swami Ayyappan,2017,8.4,"Rajashekharan, a childless king, finds a baby in the middle of a jungle while on a hunting trip. When Shiva appears and says that the baby is of divine origin, Rajashekharan happily brings it home.","Drama, Mythology",Suresh Unnithan,"Kaushik Babu,
Devan,
Aishwariyaa Bhaskaran,
Sukanya,
Lakshmi Gopalaswamy,
Rajan P. Dev,
Nandhu,
K. R. Vijaya","Asianet, Disney+Hotstar",1,268,30,Merryland Studio
Sthreedhanam,2012,6.4,"This serial explores the social issue of dowry and its impact on a woman's life. The story centers around Vidya, who faces mental and emotional torment from her husband's family due to their insatiable greed for dowry. The series highlights the struggles and resilience of a woman within a patriarchal society, showcasing her fight against the dowry system and its consequences. ","Drama, Family",Anil Babu,"Chitra Shenoy, Divya Padhmini, Rajeev Roshan","Asianet, Disney+Hotstar",1,1143,30,Sabina Arts
